{
  "system": "timescale-otel-demo",
  "policy": "bandit",
  "reward_mode": "balanced",
  "scenario": "healthy",
  "duration_seconds": 30,
  "decision_interval_seconds": 5,
  "captured_at": 1778592505.0083368,
  "status": {
    "timestamp": 1778592505.0076969,
    "error_rate": 0.015625,
    "avg_latency_ms": 370.1919166666668,
    "qps": 1.0591130371817188,
    "total": 192,
    "chosen_rate": 0.05,
    "policy_mode": "bandit",
    "reward": 0.2380521352617024,
    "state": [
      0,
      3,
      3
    ],
    "action_idx": 0,
    "reward_components": {
      "error_component": 0.032432432432432434,
      "latency_component": 0.17023092702702708,
      "drift_component": 0.11538877580224291,
      "cost_component": 0.05,
      "stability_component": 0.030000000000000006,
      "drift_score": 0.23077755160448582,
      "previous_rate": 0.2
    }
  },
  "summary": {
    "policy_mode": "bandit",
    "reward_mode": "balanced",
    "decision_count": 6,
    "avg_reward": 0.1557911176825553,
    "min_reward": -0.019631552886093313,
    "max_reward": 0.36319525407589065,
    "avg_rate": 0.10000000000000002,
    "min_rate": 0.05,
    "max_rate": 0.2,
    "last_state": [
      0,
      3,
      3
    ],
    "last_action_idx": 0
  },
  "decisions": {
    "status": "ok",
    "items": [
      {
        "timestamp": 1778592288.977676,
        "error_rate": 0.021739130434782608,
        "avg_latency_ms": 160.25358695652173,
        "qps": 1.5224331181892632,
        "total": 46,
        "chosen_rate": 0.05,
        "policy_mode": "bandit",
        "reward": 0.030533000000000032,
        "state": [
          0,
          2,
          3
        ],
        "action_idx": 0,
        "reward_components": {
          "error_component": 0.0,
          "latency_component": 0.08053300000000004,
          "drift_component": 0.0,
          "cost_component": 0.05,
          "stability_component": 0.0,
          "drift_score": 0.0,
          "previous_rate": null
        }
      },
      {
        "timestamp": 1778592323.25821,
        "error_rate": 0.024390243902439025,
        "avg_latency_ms": 236.63996747967482,
        "qps": 1.9594288624890985,
        "total": 123,
        "chosen_rate": 0.2,
        "policy_mode": "bandit",
        "reward": 0.021364457895500365,
        "state": [
          0,
          1,
          3
        ],
        "action_idx": 2,
        "reward_components": {
          "error_component": 0.03508771929824561,
          "latency_component": 0.0730797105263158,
          "drift_component": 0.14319702807093895,
          "cost_component": 0.2,
          "stability_component": 0.030000000000000006,
          "drift_score": 0.2863940561418779,
          "previous_rate": 0.05
        }
      },
      {
        "timestamp": 1778592358.476325,
        "error_rate": 0.022222222222222223,
        "avg_latency_ms": 237.52026666666669,
        "qps": 1.393272724043337,
        "total": 135,
        "chosen_rate": 0.05,
        "policy_mode": "bandit",
        "reward": 0.30123341174833157,
        "state": [
          0,
          2,
          3
        ],
        "action_idx": 0,
        "reward_components": {
          "error_component": 0.047619047619047616,
          "latency_component": 0.11840844841269843,
          "drift_component": 0.21520591571658554,
          "cost_component": 0.05,
          "stability_component": 0.030000000000000006,
          "drift_score": 0.4304118314331711,
          "previous_rate": 0.2
        }
      },
      {
        "timestamp": 1778592364.038411,
        "error_rate": 0.022058823529411766,
        "avg_latency_ms": 237.46673529411768,
        "qps": 1.3752367429604866,
        "total": 136,
        "chosen_rate": 0.05,
        "policy_mode": "bandit",
        "reward": 0.36319525407589065,
        "state": [
          0,
          2,
          3
        ],
        "action_idx": 0,
        "reward_components": {
          "error_component": 0.04411764705882353,
          "latency_component": 0.11873336764705884,
          "drift_component": 0.25034423937000827,
          "cost_component": 0.05,
          "stability_component": 0.0,
          "drift_score": 0.5006884787400165,
          "previous_rate": 0.05
        }
      },
      {
        "timestamp": 1778592411.41249,
        "error_rate": 0.016853932584269662,
        "avg_latency_ms": 338.44265168539334,
        "qps": 1.179807845889204,
        "total": 178,
        "chosen_rate": 0.2,
        "policy_mode": "bandit",
        "reward": -0.019631552886093313,
        "state": [
          0,
          2,
          3
        ],
        "action_idx": 2,
        "reward_components": {
          "error_component": 0.043795620437956206,
          "latency_component": 0.1275876386861314,
          "drift_component": 0.038985187989819085,
          "cost_component": 0.2,
          "stability_component": 0.030000000000000006,
          "drift_score": 0.07797037597963817,
          "previous_rate": 0.05
        }
      },
      {
        "timestamp": 1778592500.0019689,
        "error_rate": 0.015625,
        "avg_latency_ms": 370.1919166666668,
        "qps": 1.0591130371817188,
        "total": 192,
        "chosen_rate": 0.05,
        "policy_mode": "bandit",
        "reward": 0.2380521352617024,
        "state": [
          0,
          3,
          3
        ],
        "action_idx": 0,
        "reward_components": {
          "error_component": 0.032432432432432434,
          "latency_component": 0.17023092702702708,
          "drift_component": 0.11538877580224291,
          "cost_component": 0.05,
          "stability_component": 0.030000000000000006,
          "drift_score": 0.23077755160448582,
          "previous_rate": 0.2
        }
      }
    ]
  }
}