{
  "system": "timescale-otel-demo",
  "policy": "q_learning",
  "reward_mode": "balanced",
  "scenario": "healthy",
  "duration_seconds": 30,
  "decision_interval_seconds": 5,
  "captured_at": 1778592130.770182,
  "status": {
    "timestamp": 1778592130.769996,
    "error_rate": 0.01818181818181818,
    "avg_latency_ms": 973.852418181818,
    "qps": 0.5182639514535561,
    "total": 55,
    "chosen_rate": 0.1,
    "policy_mode": "q_learning",
    "reward": 0.4415754093458253,
    "state": [
      0,
      3,
      2
    ],
    "action_idx": 1,
    "reward_components": {
      "error_component": 0.03636363636363636,
      "latency_component": 0.486926209090909,
      "drift_component": 0.018285563891279933,
      "cost_component": 0.1,
      "stability_component": 0.0,
      "drift_score": 0.036571127782559866,
      "previous_rate": 0.1
    }
  },
  "summary": {
    "policy_mode": "q_learning",
    "reward_mode": "balanced",
    "decision_count": 6,
    "avg_reward": 0.4598497635883083,
    "min_reward": 0.39276473333333317,
    "max_reward": 0.5348708666811076,
    "avg_rate": 0.10000000000000002,
    "min_rate": 0.1,
    "max_rate": 0.1,
    "last_state": [
      0,
      3,
      2
    ],
    "last_action_idx": 1
  },
  "decisions": {
    "status": "ok",
    "items": [
      {
        "timestamp": 1778592096.979758,
        "error_rate": 0.022222222222222223,
        "avg_latency_ms": 896.6405777777775,
        "qps": 0.588471451942152,
        "total": 45,
        "chosen_rate": 0.1,
        "policy_mode": "q_learning",
        "reward": 0.39276473333333317,
        "state": [
          0,
          3,
          2
        ],
        "action_idx": 1,
        "reward_components": {
          "error_component": 0.044444444444444446,
          "latency_component": 0.44832028888888875,
          "drift_component": 0.0,
          "cost_component": 0.1,
          "stability_component": 0.0,
          "drift_score": 0.0,
          "previous_rate": null
        }
      },
      {
        "timestamp": 1778592102.5679302,
        "error_rate": 0.02,
        "avg_latency_ms": 1036.3965799999999,
        "qps": 0.5771045230243813,
        "total": 50,
        "chosen_rate": 0.1,
        "policy_mode": "q_learning",
        "reward": 0.5348708666811076,
        "state": [
          0,
          3,
          2
        ],
        "action_idx": 1,
        "reward_components": {
          "error_component": 0.04,
          "latency_component": 0.51819829,
          "drift_component": 0.07667257668110763,
          "cost_component": 0.1,
          "stability_component": 0.0,
          "drift_score": 0.15334515336221527,
          "previous_rate": 0.1
        }
      },
      {
        "timestamp": 1778592108.917387,
        "error_rate": 0.02,
        "avg_latency_ms": 1036.3965799999999,
        "qps": 0.5771045230243813,
        "total": 50,
        "chosen_rate": 0.1,
        "policy_mode": "q_learning",
        "reward": 0.45819829,
        "state": [
          0,
          3,
          2
        ],
        "action_idx": 1,
        "reward_components": {
          "error_component": 0.04,
          "latency_component": 0.51819829,
          "drift_component": 0.0,
          "cost_component": 0.1,
          "stability_component": 0.0,
          "drift_score": 0.0,
          "previous_rate": 0.1
        }
      },
      {
        "timestamp": 1778592114.551841,
        "error_rate": 0.0196078431372549,
        "avg_latency_ms": 1023.5052156862743,
        "qps": 0.5407832653918687,
        "total": 51,
        "chosen_rate": 0.1,
        "policy_mode": "q_learning",
        "reward": 0.4757706835221386,
        "state": [
          0,
          3,
          2
        ],
        "action_idx": 1,
        "reward_components": {
          "error_component": 0.0392156862745098,
          "latency_component": 0.5117526078431371,
          "drift_component": 0.02480238940449165,
          "cost_component": 0.1,
          "stability_component": 0.0,
          "drift_score": 0.0496047788089833,
          "previous_rate": 0.1
        }
      },
      {
        "timestamp": 1778592120.2558742,
        "error_rate": 0.018867924528301886,
        "avg_latency_ms": 999.3384905660375,
        "qps": 0.5286629005054128,
        "total": 53,
        "chosen_rate": 0.1,
        "policy_mode": "q_learning",
        "reward": 0.45591859864744544,
        "state": [
          0,
          3,
          2
        ],
        "action_idx": 1,
        "reward_components": {
          "error_component": 0.03773584905660377,
          "latency_component": 0.49966924528301876,
          "drift_component": 0.018513504307822847,
          "cost_component": 0.1,
          "stability_component": 0.0,
          "drift_score": 0.037027008615645694,
          "previous_rate": 0.1
        }
      },
      {
        "timestamp": 1778592125.767186,
        "error_rate": 0.01818181818181818,
        "avg_latency_ms": 973.852418181818,
        "qps": 0.5182639514535561,
        "total": 55,
        "chosen_rate": 0.1,
        "policy_mode": "q_learning",
        "reward": 0.4415754093458253,
        "state": [
          0,
          3,
          2
        ],
        "action_idx": 1,
        "reward_components": {
          "error_component": 0.03636363636363636,
          "latency_component": 0.486926209090909,
          "drift_component": 0.018285563891279933,
          "cost_component": 0.1,
          "stability_component": 0.0,
          "drift_score": 0.036571127782559866,
          "previous_rate": 0.1
        }
      }
    ]
  }
}