{
  "policy": "bandit",
  "reward_mode": "balanced",
  "scenario": "throughput_drop",
  "duration_seconds": 45,
  "captured_at": 1778452918.568387,
  "status": {
    "timestamp": 1778452917.6674728,
    "error_rate": 0.0,
    "avg_latency_ms": 78.09125479506889,
    "qps": 22.31792432590319,
    "total": 3490,
    "chosen_rate": 0.05,
    "policy_mode": "bandit",
    "reward": 0.03175752917869874,
    "state": [
      0,
      1,
      1
    ],
    "action_idx": 0,
    "reward_components": {
      "mode": "balanced",
      "error_component": 0.0,
      "latency_component": 0.03904562739753445,
      "drift_component": 0.007711901781164293,
      "cost_component": 0.015,
      "stability_component": 0.0,
      "drift_score": 0.015423803562328586,
      "previous_rate": 0.05
    }
  },
  "summary": {
    "policy_mode": "bandit",
    "reward_mode": "balanced",
    "decision_count": 23,
    "avg_reward": 0.028280987692329413,
    "min_reward": -0.05061592284781541,
    "max_reward": 0.06512189056172932,
    "avg_rate": 0.0565217391304348,
    "min_rate": 0.05,
    "max_rate": 0.2,
    "last_state": [
      0,
      1,
      1
    ],
    "last_action_idx": 0
  },
  "decisions": {
    "status": "ok",
    "items": [
      {
        "timestamp": 1778452879.3796654,
        "error_rate": 0.0,
        "avg_latency_ms": 81.40422837874603,
        "qps": 24.19492068018639,
        "total": 2566,
        "chosen_rate": 0.05,
        "policy_mode": "bandit",
        "reward": 0.02661027616374098,
        "state": [
          0,
          1,
          1
        ],
        "action_idx": 0,
        "reward_components": {
          "mode": "balanced",
          "error_component": 0.0,
          "latency_component": 0.040702114189373015,
          "drift_component": 0.0009081619743679639,
          "cost_component": 0.015,
          "stability_component": 0.0,
          "drift_score": 0.0018163239487359278,
          "previous_rate": 0.05
        }
      },
      {
        "timestamp": 1778452881.3881836,
        "error_rate": 0.0,
        "avg_latency_ms": 81.1596767098336,
        "qps": 24.890640369820336,
        "total": 2616,
        "chosen_rate": 0.05,
        "policy_mode": "bandit",
        "reward": 0.029180712637542752,
        "state": [
          0,
          1,
          1
        ],
        "action_idx": 0,
        "reward_components": {
          "mode": "balanced",
          "error_component": 0.0,
          "latency_component": 0.040579838354916804,
          "drift_component": 0.0036008742826259452,
          "cost_component": 0.015,
          "stability_component": 0.0,
          "drift_score": 0.0072017485652518904,
          "previous_rate": 0.05
        }
      },
      {
        "timestamp": 1778452883.399143,
        "error_rate": 0.0,
        "avg_latency_ms": 81.04840650580266,
        "qps": 23.396293007581203,
        "total": 2663,
        "chosen_rate": 0.05,
        "policy_mode": "bandit",
        "reward": 0.03305157516611247,
        "state": [
          0,
          1,
          1
        ],
        "action_idx": 0,
        "reward_components": {
          "mode": "balanced",
          "error_component": 0.0,
          "latency_component": 0.040524203252901334,
          "drift_component": 0.007527371913211134,
          "cost_component": 0.015,
          "stability_component": 0.0,
          "drift_score": 0.015054743826422268,
          "previous_rate": 0.05
        }
      },
      {
        "timestamp": 1778452885.4342782,
        "error_rate": 0.0,
        "avg_latency_ms": 80.95605095467602,
        "qps": 24.15440380168757,
        "total": 2712,
        "chosen_rate": 0.05,
        "policy_mode": "bandit",
        "reward": 0.02931475722343318,
        "state": [
          0,
          1,
          1
        ],
        "action_idx": 0,
        "reward_components": {
          "mode": "balanced",
          "error_component": 0.0,
          "latency_component": 0.04047802547733801,
          "drift_component": 0.0038367317460951647,
          "cost_component": 0.015,
          "stability_component": 0.0,
          "drift_score": 0.0076734634921903295,
          "previous_rate": 0.05
        }
      },
      {
        "timestamp": 1778452887.4461632,
        "error_rate": 0.0,
        "avg_latency_ms": 80.84429123727105,
        "qps": 22.748219848087377,
        "total": 2758,
        "chosen_rate": 0.05,
        "policy_mode": "bandit",
        "reward": 0.03250894524533898,
        "state": [
          0,
          1,
          1
        ],
        "action_idx": 0,
        "reward_components": {
          "mode": "balanced",
          "error_component": 0.0,
          "latency_component": 0.040422145618635524,
          "drift_component": 0.007086799626703456,
          "cost_component": 0.015,
          "stability_component": 0.0,
          "drift_score": 0.014173599253406912,
          "previous_rate": 0.05
        }
      },
      {
        "timestamp": 1778452889.452104,
        "error_rate": 0.0,
        "avg_latency_ms": 80.6675195519554,
        "qps": 25.893067559797025,
        "total": 2810,
        "chosen_rate": 0.05,
        "policy_mode": "bandit",
        "reward": 0.04114638417718376,
        "state": [
          0,
          1,
          1
        ],
        "action_idx": 0,
        "reward_components": {
          "mode": "balanced",
          "error_component": 0.0,
          "latency_component": 0.040333759775977696,
          "drift_component": 0.01581262440120607,
          "cost_component": 0.015,
          "stability_component": 0.0,
          "drift_score": 0.03162524880241214,
          "previous_rate": 0.05
        }
      },
      {
        "timestamp": 1778452891.4813473,
        "error_rate": 0.0,
        "avg_latency_ms": 80.39786494807083,
        "qps": 23.802473673709176,
        "total": 2858,
        "chosen_rate": 0.05,
        "policy_mode": "bandit",
        "reward": 0.03578672920641694,
        "state": [
          0,
          1,
          1
        ],
        "action_idx": 0,
        "reward_components": {
          "mode": "balanced",
          "error_component": 0.0,
          "latency_component": 0.040198932474035415,
          "drift_component": 0.010587796732381523,
          "cost_component": 0.015,
          "stability_component": 0.0,
          "drift_score": 0.021175593464763047,
          "previous_rate": 0.05
        }
      },
      {
        "timestamp": 1778452893.4968753,
        "error_rate": 0.0,
        "avg_latency_ms": 80.21933829697377,
        "qps": 24.741380905357154,
        "total": 2908,
        "chosen_rate": 0.05,
        "policy_mode": "bandit",
        "reward": 0.029893468632275308,
        "state": [
          0,
          1,
          1
        ],
        "action_idx": 0,
        "reward_components": {
          "mode": "balanced",
          "error_component": 0.0,
          "latency_component": 0.04010966914848689,
          "drift_component": 0.004783799483788417,
          "cost_component": 0.015,
          "stability_component": 0.0,
          "drift_score": 0.009567598967576835,
          "previous_rate": 0.05
        }
      },
      {
        "timestamp": 1778452895.5372212,
        "error_rate": 0.0,
        "avg_latency_ms": 80.02947254947775,
        "qps": 23.542833003641153,
        "total": 2956,
        "chosen_rate": 0.05,
        "policy_mode": "bandit",
        "reward": 0.031102408657066892,
        "state": [
          0,
          1,
          1
        ],
        "action_idx": 0,
        "reward_components": {
          "mode": "balanced",
          "error_component": 0.0,
          "latency_component": 0.04001473627473887,
          "drift_component": 0.00608767238232802,
          "cost_component": 0.015,
          "stability_component": 0.0,
          "drift_score": 0.01217534476465604,
          "previous_rate": 0.05
        }
      },
      {
        "timestamp": 1778452897.5438771,
        "error_rate": 0.0,