{
  "policy": "bandit",
  "reward_mode": "balanced",
  "scenario": "error_burst",
  "duration_seconds": 45,
  "captured_at": 1778452755.1786208,
  "status": {
    "timestamp": 1778452754.559934,
    "error_rate": 0.0,
    "avg_latency_ms": 78.15470222405692,
    "qps": 40.19529452632318,
    "total": 6554,
    "chosen_rate": 0.05,
    "policy_mode": "bandit",
    "reward": 0.04195562656273533,
    "state": [
      0,
      1,
      1
    ],
    "action_idx": 0,
    "reward_components": {
      "mode": "balanced",
      "error_component": 0.0,
      "latency_component": 0.03907735111202846,
      "drift_component": 0.017878275450706874,
      "cost_component": 0.015,
      "stability_component": 0.0,
      "drift_score": 0.03575655090141375,
      "previous_rate": 0.05
    }
  },
  "summary": {
    "policy_mode": "bandit",
    "reward_mode": "balanced",
    "decision_count": 24,
    "avg_reward": 0.03022865224559908,
    "min_reward": -0.1979524344616022,
    "max_reward": 0.11044244547348613,
    "avg_rate": 0.07500000000000002,
    "min_rate": 0.05,
    "max_rate": 0.5,
    "last_state": [
      0,
      1,
      1
    ],
    "last_action_idx": 0
  },
  "decisions": {
    "status": "ok",
    "items": [
      {
        "timestamp": 1778452716.2612982,
        "error_rate": 0.0,
        "avg_latency_ms": 80.18158230682195,
        "qps": 45.96193886202846,
        "total": 4869,
        "chosen_rate": 0.05,
        "policy_mode": "bandit",
        "reward": 0.03670346061674663,
        "state": [
          0,
          1,
          1
        ],
        "action_idx": 0,
        "reward_components": {
          "mode": "balanced",
          "error_component": 0.0,
          "latency_component": 0.04009079115341098,
          "drift_component": 0.011612669463335657,
          "cost_component": 0.015,
          "stability_component": 0.0,
          "drift_score": 0.023225338926671314,
          "previous_rate": 0.05
        }
      },
      {
        "timestamp": 1778452718.2691417,
        "error_rate": 0.0,
        "avg_latency_ms": 80.25668151933581,
        "qps": 43.801450739130445,
        "total": 4957,
        "chosen_rate": 0.05,
        "policy_mode": "bandit",
        "reward": 0.03596833098041492,
        "state": [
          0,
          1,
          1
        ],
        "action_idx": 0,
        "reward_components": {
          "mode": "balanced",
          "error_component": 0.0,
          "latency_component": 0.04012834075966791,
          "drift_component": 0.010839990220747012,
          "cost_component": 0.015,
          "stability_component": 0.0,
          "drift_score": 0.021679980441494023,
          "previous_rate": 0.05
        }
      },
      {
        "timestamp": 1778452720.3001978,
        "error_rate": 0.0,
        "avg_latency_ms": 80.11532516044815,
        "qps": 42.0511365191601,
        "total": 5042,
        "chosen_rate": 0.05,
        "policy_mode": "bandit",
        "reward": 0.03387991185951962,
        "state": [
          0,
          1,
          1
        ],
        "action_idx": 0,
        "reward_components": {
          "mode": "balanced",
          "error_component": 0.0,
          "latency_component": 0.04005766258022408,
          "drift_component": 0.00882224927929554,
          "cost_component": 0.015,
          "stability_component": 0.0,
          "drift_score": 0.01764449855859108,
          "previous_rate": 0.05
        }
      },
      {
        "timestamp": 1778452722.3066585,
        "error_rate": 0.0,
        "avg_latency_ms": 79.83259476320073,
        "qps": 43.60226826268653,
        "total": 5130,
        "chosen_rate": 0.05,
        "policy_mode": "bandit",
        "reward": 0.032813321297856204,
        "state": [
          0,
          1,
          1
        ],
        "action_idx": 0,
        "reward_components": {
          "mode": "balanced",
          "error_component": 0.0,
          "latency_component": 0.039916297381600366,
          "drift_component": 0.00789702391625584,
          "cost_component": 0.015,
          "stability_component": 0.0,
          "drift_score": 0.01579404783251168,
          "previous_rate": 0.05
        }
      },
      {
        "timestamp": 1778452724.3169115,
        "error_rate": 0.0,
        "avg_latency_ms": 79.80340707154299,
        "qps": 37.38196487478388,
        "total": 5205,
        "chosen_rate": 0.05,
        "policy_mode": "bandit",
        "reward": 0.05601781432111359,
        "state": [
          0,
          1,
          1
        ],
        "action_idx": 0,
        "reward_components": {
          "mode": "balanced",
          "error_component": 0.0,
          "latency_component": 0.03990170353577149,
          "drift_component": 0.0311161107853421,
          "cost_component": 0.015,
          "stability_component": 0.0,
          "drift_score": 0.0622322215706842,
          "previous_rate": 0.05
        }
      },
      {
        "timestamp": 1778452726.3352602,
        "error_rate": 0.0,
        "avg_latency_ms": 79.58563731143099,
        "qps": 54.49011326232681,
        "total": 5315,
        "chosen_rate": 0.05,
        "policy_mode": "bandit",
        "reward": 0.11044244547348613,
        "state": [
          0,
          1,
          2
        ],
        "action_idx": 0,
        "reward_components": {
          "mode": "balanced",
          "error_component": 0.0,
          "latency_component": 0.039792818655715496,
          "drift_component": 0.08564962681777064,
          "cost_component": 0.015,
          "stability_component": 0.0,
          "drift_score": 0.17129925363554127,
          "previous_rate": 0.05
        }
      },
      {
        "timestamp": 1778452728.3425353,
        "error_rate": 0.0,
        "avg_latency_ms": 79.48228241938345,
        "qps": 39.81225947876046,
        "total": 5395,
        "chosen_rate": 0.05,
        "policy_mode": "bandit",
        "reward": 0.09818208757354725,
        "state": [
          0,
          1,
          1
        ],
        "action_idx": 0,
        "reward_components": {
          "mode": "balanced",
          "error_component": 0.0,
          "latency_component": 0.03974114120969172,
          "drift_component": 0.07344094636385552,
          "cost_component": 0.015,
          "stability_component": 0.0,
          "drift_score": 0.14688189272771104,
          "previous_rate": 0.05
        }
      },
      {
        "timestamp": 1778452730.3647316,
        "error_rate": 0.0,
        "avg_latency_ms": 79.42182669022179,
        "qps": 46.65053306372452,
        "total": 5489,
        "chosen_rate": 0.05,
        "policy_mode": "bandit",
        "reward": 0.05893250913451202,
        "state": [
          0,
          1,
          1
        ],
        "action_idx": 0,
        "reward_components": {
          "mode": "balanced",
          "error_component": 0.0,
          "latency_component": 0.0397109133451109,
          "drift_component": 0.034221595789401114,
          "cost_component": 0.015,
          "stability_component": 0.0,
          "drift_score": 0.06844319157880223,
          "previous_rate": 0.05
        }
      },
      {
        "timestamp": 1778452732.3706446,
        "error_rate": 0.0,
        "avg_latency_ms": 79.26653366023207,
        "qps": 42.2012747541678,
        "total": 5574,
        "chosen_rate": 0.05,
        "policy_mode": "bandit",
        "reward": 0.04695720489289449,
        "state": [
          0,
          1,
          1
        ],
        "action_idx": 0,
        "reward_components": {
          "mode": "balanced",
          "error_component": 0.0,
          "latency_component": 0.03963326683011604,
          "drift_component": 0.02232393806277845,
          "cost_component": 0.015,
          "stability_component": 0.0,
          "drift_score": 0.0446478761255569,
          "previous_rate": 0.05
        }
      },
      {
        "timestamp": 1778452734.3772137,
        "error_rate": 0.0,
        "avg_latency_ms": 79.02636623898357,