{
  "policy": "bandit",
  "reward_mode": "balanced",
  "scenario": "latency_spike",
  "duration_seconds": 45,
  "captured_at": 1778452589.93756,
  "status": {
    "timestamp": 1778452589.0073242,
    "error_rate": 0.0,
    "avg_latency_ms": 79.84137153153223,
    "qps": 26.863007044890214,
    "total": 4132,
    "chosen_rate": 0.05,
    "policy_mode": "bandit",
    "reward": 0.03510746844432791,
    "state": [
      0,
      1,
      1
    ],
    "action_idx": 0,
    "reward_components": {
      "mode": "balanced",
      "error_component": 0.0,
      "latency_component": 0.039920685765766115,
      "drift_component": 0.010186782678561799,
      "cost_component": 0.015,
      "stability_component": 0.0,
      "drift_score": 0.020373565357123598,
      "previous_rate": 0.05
    }
  },
  "summary": {
    "policy_mode": "bandit",
    "reward_mode": "balanced",
    "decision_count": 23,
    "avg_reward": 0.040532838002024625,
    "min_reward": -0.19255329671949806,
    "max_reward": 0.1078603638793983,
    "avg_rate": 0.06956521739130436,
    "min_rate": 0.05,
    "max_rate": 0.5,
    "last_state": [
      0,
      1,
      1
    ],
    "last_action_idx": 0
  },
  "decisions": {
    "status": "ok",
    "items": [
      {
        "timestamp": 1778452550.7241457,
        "error_rate": 0.0,
        "avg_latency_ms": 80.6588058200994,
        "qps": 24.837209157038536,
        "total": 3078,
        "chosen_rate": 0.05,
        "policy_mode": "bandit",
        "reward": 0.06745612971115185,
        "state": [
          0,
          1,
          1
        ],
        "action_idx": 0,
        "reward_components": {
          "mode": "balanced",
          "error_component": 0.0,
          "latency_component": 0.0403294029100497,
          "drift_component": 0.04212672680110215,
          "cost_component": 0.015,
          "stability_component": 0.0,
          "drift_score": 0.0842534536022043,
          "previous_rate": 0.05
        }
      },
      {
        "timestamp": 1778452552.7688222,
        "error_rate": 0.0,
        "avg_latency_ms": 81.14461135349946,
        "qps": 24.69336195572773,
        "total": 3128,
        "chosen_rate": 0.05,
        "policy_mode": "bandit",
        "reward": 0.02653444445000378,
        "state": [
          0,
          1,
          1
        ],
        "action_idx": 0,
        "reward_components": {
          "mode": "balanced",
          "error_component": 0.0,
          "latency_component": 0.04057230567674973,
          "drift_component": 0.0009621387732540541,
          "cost_component": 0.015,
          "stability_component": 0.0,
          "drift_score": 0.0019242775465081081,
          "previous_rate": 0.05
        }
      },
      {
        "timestamp": 1778452554.7787416,
        "error_rate": 0.0,
        "avg_latency_ms": 81.07870915390187,
        "qps": 24.62204998061402,
        "total": 3178,
        "chosen_rate": 0.05,
        "policy_mode": "bandit",
        "reward": 0.025928865552318284,
        "state": [
          0,
          1,
          1
        ],
        "action_idx": 0,
        "reward_components": {
          "mode": "balanced",
          "error_component": 0.0,
          "latency_component": 0.04053935457695093,
          "drift_component": 0.00038951097536735446,
          "cost_component": 0.015,
          "stability_component": 0.0,
          "drift_score": 0.0007790219507347089,
          "previous_rate": 0.05
        }
      },
      {
        "timestamp": 1778452556.789948,
        "error_rate": 0.0,
        "avg_latency_ms": 81.1010029902575,
        "qps": 24.845159253326834,
        "total": 3228,
        "chosen_rate": 0.05,
        "policy_mode": "bandit",
        "reward": 0.02667719477687064,
        "state": [
          0,
          1,
          1
        ],
        "action_idx": 0,
        "reward_components": {
          "mode": "balanced",
          "error_component": 0.0,
          "latency_component": 0.040550501495128746,
          "drift_component": 0.0011266932817418896,
          "cost_component": 0.015,
          "stability_component": 0.0,
          "drift_score": 0.002253386563483779,
          "previous_rate": 0.05
        }
      },
      {
        "timestamp": 1778452558.8007703,
        "error_rate": 0.0,
        "avg_latency_ms": 81.07624243897091,
        "qps": 37.33441485266327,
        "total": 3303,
        "chosen_rate": 0.05,
        "policy_mode": "bandit",
        "reward": 0.08799677949181094,
        "state": [
          0,
          1,
          1
        ],
        "action_idx": 0,
        "reward_components": {
          "mode": "balanced",
          "error_component": 0.0,
          "latency_component": 0.040538121219485454,
          "drift_component": 0.06245865827232548,
          "cost_component": 0.015,
          "stability_component": 0.0,
          "drift_score": 0.12491731654465096,
          "previous_rate": 0.05
        }
      },
      {
        "timestamp": 1778452560.8095121,
        "error_rate": 0.0,
        "avg_latency_ms": 80.91570256321526,
        "qps": 24.871902439579195,
        "total": 3353,
        "chosen_rate": 0.05,
        "policy_mode": "bandit",
        "reward": 0.08785068328490585,
        "state": [
          0,
          1,
          1
        ],
        "action_idx": 0,
        "reward_components": {
          "mode": "balanced",
          "error_component": 0.0,
          "latency_component": 0.04045785128160763,
          "drift_component": 0.06239283200329821,
          "cost_component": 0.015,
          "stability_component": 0.0,
          "drift_score": 0.12478566400659642,
          "previous_rate": 0.05
        }
      },
      {
        "timestamp": 1778452562.859951,
        "error_rate": 0.0,
        "avg_latency_ms": 81.56803763539142,
        "qps": 24.65698434952446,
        "total": 3403,
        "chosen_rate": 0.05,
        "policy_mode": "bandit",
        "reward": 0.02718477680405746,
        "state": [
          0,
          1,
          1
        ],
        "action_idx": 0,
        "reward_components": {
          "mode": "balanced",
          "error_component": 0.0,
          "latency_component": 0.04078401881769571,
          "drift_component": 0.0014007579863617502,
          "cost_component": 0.015,
          "stability_component": 0.0,
          "drift_score": 0.0028015159727235004,
          "previous_rate": 0.05
        }
      },
      {
        "timestamp": 1778452564.869293,
        "error_rate": 0.0,
        "avg_latency_ms": 81.49432049261267,
        "qps": 24.62192217334027,
        "total": 3453,
        "chosen_rate": 0.05,
        "policy_mode": "bandit",
        "reward": 0.02595932969861666,
        "state": [
          0,
          1,
          1
        ],
        "action_idx": 0,
        "reward_components": {
          "mode": "balanced",
          "error_component": 0.0,
          "latency_component": 0.040747160246306334,
          "drift_component": 0.00021216945231032725,
          "cost_component": 0.015,
          "stability_component": 0.0,
          "drift_score": 0.0004243389046206545,
          "previous_rate": 0.05
        }
      },
      {
        "timestamp": 1778452566.883002,
        "error_rate": 0.0,
        "avg_latency_ms": 81.30860540958352,
        "qps": 30.317150927602892,
        "total": 3514,
        "chosen_rate": 0.05,
        "policy_mode": "bandit",
        "reward": 0.05422330401761945,
        "state": [
          0,
          1,
          1
        ],
        "action_idx": 0,
        "reward_components": {
          "mode": "balanced",
          "error_component": 0.0,
          "latency_component": 0.04065430270479176,
          "drift_component": 0.028569001312827687,
          "cost_component": 0.015,
          "stability_component": 0.0,
          "drift_score": 0.057138002625655375,
          "previous_rate": 0.05
        }
      },
      {
        "timestamp": 1778452568.8910801,
        "error_rate": 0.0,