{
  "policy": "q_learning",
  "reward_mode": "balanced",
  "scenario": "latency_spike",
  "duration_seconds": 45,
  "captured_at": 1778452486.5943801,
  "status": {
    "timestamp": 1778452485.9446256,
    "error_rate": 0.0,
    "avg_latency_ms": 73.76009563300745,
    "qps": 24.880238957204863,
    "total": 1328,
    "chosen_rate": 0.05,
    "policy_mode": "q_learning",
    "reward": 0.022793957977215333,
    "state": [
      0,
      1,
      1
    ],
    "action_idx": 0,
    "reward_components": {
      "mode": "balanced",
      "error_component": 0.0,
      "latency_component": 0.036880047816503725,
      "drift_component": 0.0009139101607116055,
      "cost_component": 0.015,
      "stability_component": 0.0,
      "drift_score": 0.001827820321423211,
      "previous_rate": 0.05
    }
  },
  "summary": {
    "policy_mode": "q_learning",
    "reward_mode": "balanced",
    "decision_count": 24,
    "avg_reward": 0.021238278884915807,
    "min_reward": -0.34155524490413425,
    "max_reward": 0.23697327098147725,
    "avg_rate": 0.09999999999999996,
    "min_rate": 0.05,
    "max_rate": 0.8,
    "last_state": [
      0,
      1,
      1
    ],
    "last_action_idx": 0
  },
  "decisions": {
    "status": "ok",
    "items": [
      {
        "timestamp": 1778452447.509802,
        "error_rate": 0.0,
        "avg_latency_ms": 85.13287746706006,
        "qps": 25.399058313057605,
        "total": 226,
        "chosen_rate": 0.8,
        "policy_mode": "q_learning",
        "reward": -0.34155524490413425,
        "state": [
          0,
          1,
          1
        ],
        "action_idx": 4,
        "reward_components": {
          "mode": "balanced",
          "error_component": 0.0,
          "latency_component": 0.042566438733530026,
          "drift_component": 0.005878316362335731,
          "cost_component": 0.24,
          "stability_component": 0.15000000000000002,
          "drift_score": 0.011756632724671461,
          "previous_rate": 0.05
        }
      },
      {
        "timestamp": 1778452449.516913,
        "error_rate": 0.0,
        "avg_latency_ms": 81.14463338938852,
        "qps": 36.88791757515515,
        "total": 300,
        "chosen_rate": 0.05,
        "policy_mode": "q_learning",
        "reward": -0.06498926495598227,
        "state": [
          0,
          1,
          1
        ],
        "action_idx": 0,
        "reward_components": {
          "mode": "balanced",
          "error_component": 0.0,
          "latency_component": 0.04057231669469426,
          "drift_component": 0.059438418349323494,
          "cost_component": 0.015,
          "stability_component": 0.15000000000000002,
          "drift_score": 0.11887683669864699,
          "previous_rate": 0.8
        }
      },
      {
        "timestamp": 1778452451.5323896,
        "error_rate": 0.0,
        "avg_latency_ms": 79.02879135550133,
        "qps": 24.87639694480874,
        "total": 350,
        "chosen_rate": 0.05,
        "policy_mode": "q_learning",
        "reward": 0.0856299198464263,
        "state": [
          0,
          1,
          1
        ],
        "action_idx": 0,
        "reward_components": {
          "mode": "balanced",
          "error_component": 0.0,
          "latency_component": 0.03951439567775066,
          "drift_component": 0.06111552416867565,
          "cost_component": 0.015,
          "stability_component": 0.0,
          "drift_score": 0.1222310483373513,
          "previous_rate": 0.05
        }
      },
      {
        "timestamp": 1778452453.6646125,
        "error_rate": 0.0,
        "avg_latency_ms": 77.80672937791064,
        "qps": 26.121469952422384,
        "total": 403,
        "chosen_rate": 0.05,
        "policy_mode": "q_learning",
        "reward": 0.03073976071581888,
        "state": [
          0,
          1,
          1
        ],
        "action_idx": 0,
        "reward_components": {
          "mode": "balanced",
          "error_component": 0.0,
          "latency_component": 0.03890336468895532,
          "drift_component": 0.006836396026863564,
          "cost_component": 0.015,
          "stability_component": 0.0,
          "drift_score": 0.013672792053727128,
          "previous_rate": 0.05
        }
      },
      {
        "timestamp": 1778452455.6919992,
        "error_rate": 0.0,
        "avg_latency_ms": 78.45531845706026,
        "qps": 32.324547192873275,
        "total": 472,
        "chosen_rate": 0.05,
        "policy_mode": "q_learning",
        "reward": 0.0555673399703594,
        "state": [
          0,
          1,
          1
        ],
        "action_idx": 0,
        "reward_components": {
          "mode": "balanced",
          "error_component": 0.0,
          "latency_component": 0.03922765922853013,
          "drift_component": 0.031339680741829266,
          "cost_component": 0.015,
          "stability_component": 0.0,
          "drift_score": 0.06267936148365853,
          "previous_rate": 0.05
        }
      },
      {
        "timestamp": 1778452457.6975324,
        "error_rate": 0.0,
        "avg_latency_ms": 76.97085788220775,
        "qps": 27.386377330618295,
        "total": 527,
        "chosen_rate": 0.05,
        "policy_mode": "q_learning",
        "reward": 0.04891850853980503,
        "state": [
          0,
          1,
          1
        ],
        "action_idx": 0,
        "reward_components": {
          "mode": "balanced",
          "error_component": 0.0,
          "latency_component": 0.03848542894110388,
          "drift_component": 0.025433079598701155,
          "cost_component": 0.015,
          "stability_component": 0.0,
          "drift_score": 0.05086615919740231,
          "previous_rate": 0.05
        }
      },
      {
        "timestamp": 1778452459.701706,
        "error_rate": 0.0,
        "avg_latency_ms": 75.58881392898948,
        "qps": 27.940508817300508,
        "total": 583,
        "chosen_rate": 0.05,
        "policy_mode": "q_learning",
        "reward": 0.026256086374514945,
        "state": [
          0,
          1,
          1
        ],
        "action_idx": 0,
        "reward_components": {
          "mode": "balanced",
          "error_component": 0.0,
          "latency_component": 0.037794406964494744,
          "drift_component": 0.0034616794100201993,
          "cost_component": 0.015,
          "stability_component": 0.0,
          "drift_score": 0.0069233588200403985,
          "previous_rate": 0.05
        }
      },
      {
        "timestamp": 1778452461.7310426,
        "error_rate": 0.0,
        "avg_latency_ms": 75.4144757386082,
        "qps": 33.2794391359937,
        "total": 650,
        "chosen_rate": 0.5,
        "policy_mode": "q_learning",
        "reward": -0.17551094144203933,
        "state": [
          0,
          1,
          1
        ],
        "action_idx": 3,
        "reward_components": {
          "mode": "balanced",
          "error_component": 0.0,
          "latency_component": 0.0377072378693041,
          "drift_component": 0.02678182068865659,
          "cost_component": 0.15,
          "stability_component": 0.09000000000000001,
          "drift_score": 0.05356364137731318,
          "previous_rate": 0.05
        }
      },
      {
        "timestamp": 1778452463.7473009,
        "error_rate": 0.0,
        "avg_latency_ms": 74.4538584995318,
        "qps": 26.13998540370386,
        "total": 703,
        "chosen_rate": 0.05,
        "policy_mode": "q_learning",
        "reward": -0.03159549346924673,
        "state": [
          0,
          1,
          1
        ],
        "action_idx": 0,
        "reward_components": {
          "mode": "balanced",
          "error_component": 0.0,
          "latency_component": 0.0372269292497659,
          "drift_component": 0.03617757728098738,
          "cost_component": 0.015,
          "stability_component": 0.09000000000000001,
          "drift_score": 0.07235515456197476,