{
  "policy": "q_learning",
  "reward_mode": "balanced",
  "scenario": "throughput_drop",
  "duration_seconds": 45,
  "captured_at": 1778452816.702046,
  "status": {
    "timestamp": 1778452815.2026765,
    "error_rate": 0.0,
    "avg_latency_ms": 78.39068524299034,
    "qps": 23.383627460670237,
    "total": 1102,
    "chosen_rate": 0.05,
    "policy_mode": "q_learning",
    "reward": 0.029357693721346168,
    "state": [
      0,
      1,
      1
    ],
    "action_idx": 0,
    "reward_components": {
      "mode": "balanced",
      "error_component": 0.0,
      "latency_component": 0.03919534262149517,
      "drift_component": 0.0051623510998510015,
      "cost_component": 0.015,
      "stability_component": 0.0,
      "drift_score": 0.010324702199702003,
      "previous_rate": 0.05
    }
  },
  "summary": {
    "policy_mode": "q_learning",
    "reward_mode": "balanced",
    "decision_count": 24,
    "avg_reward": -0.0004401964838982141,
    "min_reward": -0.335939761370707,
    "max_reward": 0.24698554902558062,
    "avg_rate": 0.1145833333333333,
    "min_rate": 0.05,
    "max_rate": 0.8,
    "last_state": [
      0,
      1,
      1
    ],
    "last_action_idx": 0
  },
  "decisions": {
    "status": "ok",
    "items": [
      {
        "timestamp": 1778452776.8032007,
        "error_rate": 0.0,
        "avg_latency_ms": 96.22378105727526,
        "qps": 23.847780593711345,
        "total": 195,
        "chosen_rate": 0.1,
        "policy_mode": "q_learning",
        "reward": 0.01489674677077047,
        "state": [
          0,
          1,
          1
        ],
        "action_idx": 1,
        "reward_components": {
          "mode": "balanced",
          "error_component": 0.0,
          "latency_component": 0.04811189052863763,
          "drift_component": 0.0067848562421328395,
          "cost_component": 0.03,
          "stability_component": 0.010000000000000002,
          "drift_score": 0.013569712484265679,
          "previous_rate": 0.05
        }
      },
      {
        "timestamp": 1778452778.809266,
        "error_rate": 0.0,
        "avg_latency_ms": 90.51450057533478,
        "qps": 24.4013777572544,
        "total": 244,
        "chosen_rate": 0.05,
        "policy_mode": "q_learning",
        "reward": 0.025879876346352908,
        "state": [
          0,
          1,
          1
        ],
        "action_idx": 0,
        "reward_components": {
          "mode": "balanced",
          "error_component": 0.0,
          "latency_component": 0.04525725028766739,
          "drift_component": 0.005622626058685522,
          "cost_component": 0.015,
          "stability_component": 0.010000000000000002,
          "drift_score": 0.011245252117371044,
          "previous_rate": 0.1
        }
      },
      {
        "timestamp": 1778452780.8154507,
        "error_rate": 0.0,
        "avg_latency_ms": 87.45854882461435,
        "qps": 24.428102986869025,
        "total": 293,
        "chosen_rate": 0.05,
        "policy_mode": "q_learning",
        "reward": 0.03039087643574051,
        "state": [
          0,
          1,
          1
        ],
        "action_idx": 0,
        "reward_components": {
          "mode": "balanced",
          "error_component": 0.0,
          "latency_component": 0.04372927441230718,
          "drift_component": 0.0016616020234333285,
          "cost_component": 0.015,
          "stability_component": 0.0,
          "drift_score": 0.003323204046866657,
          "previous_rate": 0.05
        }
      },
      {
        "timestamp": 1778452782.843606,
        "error_rate": 0.0,
        "avg_latency_ms": 91.53220298918183,
        "qps": 19.806958893017693,
        "total": 333,
        "chosen_rate": 0.8,
        "policy_mode": "q_learning",
        "reward": -0.3190913509538687,
        "state": [
          0,
          1,
          0
        ],
        "action_idx": 4,
        "reward_components": {
          "mode": "balanced",
          "error_component": 0.0,
          "latency_component": 0.04576610149459091,
          "drift_component": 0.025142547551540394,
          "cost_component": 0.24,
          "stability_component": 0.15000000000000002,
          "drift_score": 0.05028509510308079,
          "previous_rate": 0.05
        }
      },
      {
        "timestamp": 1778452784.8607519,
        "error_rate": 0.0,
        "avg_latency_ms": 89.75346489990612,
        "qps": 24.771576635595768,
        "total": 383,
        "chosen_rate": 0.05,
        "policy_mode": "q_learning",
        "reward": -0.09441080979251873,
        "state": [
          0,
          1,
          1
        ],
        "action_idx": 0,
        "reward_components": {
          "mode": "balanced",
          "error_component": 0.0,
          "latency_component": 0.04487673244995306,
          "drift_component": 0.025712457757528225,
          "cost_component": 0.015,
          "stability_component": 0.15000000000000002,
          "drift_score": 0.05142491551505645,
          "previous_rate": 0.8
        }
      },
      {
        "timestamp": 1778452786.912224,
        "error_rate": 0.0,
        "avg_latency_ms": 88.18048404935764,
        "qps": 19.273584366692084,
        "total": 422,
        "chosen_rate": 0.05,
        "policy_mode": "q_learning",
        "reward": 0.05736669379447147,
        "state": [
          0,
          1,
          0
        ],
        "action_idx": 0,
        "reward_components": {
          "mode": "balanced",
          "error_component": 0.0,
          "latency_component": 0.04409024202467882,
          "drift_component": 0.028276451769792654,
          "cost_component": 0.015,
          "stability_component": 0.0,
          "drift_score": 0.05655290353958531,
          "previous_rate": 0.05
        }
      },
      {
        "timestamp": 1778452788.92842,
        "error_rate": 0.0,
        "avg_latency_ms": 88.50140717463623,
        "qps": 24.427098018543486,
        "total": 472,
        "chosen_rate": 0.05,
        "policy_mode": "q_learning",
        "reward": 0.055178733409214406,
        "state": [
          0,
          1,
          1
        ],
        "action_idx": 0,
        "reward_components": {
          "mode": "balanced",
          "error_component": 0.0,
          "latency_component": 0.04425070358731811,
          "drift_component": 0.0259280298218963,
          "cost_component": 0.015,
          "stability_component": 0.0,
          "drift_score": 0.0518560596437926,
          "previous_rate": 0.05
        }
      },
      {
        "timestamp": 1778452791.018715,
        "error_rate": 0.0,
        "avg_latency_ms": 86.72887881067044,
        "qps": 23.504072393096028,
        "total": 520,
        "chosen_rate": 0.05,
        "policy_mode": "q_learning",
        "reward": 0.03386583171455541,
        "state": [
          0,
          1,
          1
        ],
        "action_idx": 0,
        "reward_components": {
          "mode": "balanced",
          "error_component": 0.0,
          "latency_component": 0.04336443940533522,
          "drift_component": 0.005501392309220187,
          "cost_component": 0.015,
          "stability_component": 0.0,
          "drift_score": 0.011002784618440373,
          "previous_rate": 0.05
        }
      },
      {
        "timestamp": 1778452793.0533915,
        "error_rate": 0.0,
        "avg_latency_ms": 86.50751934149875,
        "qps": 24.119825840010726,
        "total": 570,
        "chosen_rate": 0.05,
        "policy_mode": "q_learning",
        "reward": 0.03144320663990871,
        "state": [
          0,
          1,
          1
        ],
        "action_idx": 0,
        "reward_components": {
          "mode": "balanced",
          "error_component": 0.0,
          "latency_component": 0.043253759670749375,
          "drift_component": 0.0031894469691593377,
          "cost_component": 0.015,
          "stability_component": 0.0,
          "drift_score": 0.006378893938318675,