{
  "policy": "q_learning",
  "reward_mode": "balanced",
  "scenario": "error_burst",
  "duration_seconds": 45,
  "captured_at": 1778452648.783243,
  "status": {
    "timestamp": 1778452648.5242662,
    "error_rate": 0.0,
    "avg_latency_ms": 80.14880510098818,
    "qps": 45.00320954863253,
    "total": 2007,
    "chosen_rate": 0.05,
    "policy_mode": "q_learning",
    "reward": 0.03132551462643693,
    "state": [
      0,
      1,
      1
    ],
    "action_idx": 0,
    "reward_components": {
      "mode": "balanced",
      "error_component": 0.0,
      "latency_component": 0.04007440255049409,
      "drift_component": 0.006251112075942842,
      "cost_component": 0.015,
      "stability_component": 0.0,
      "drift_score": 0.012502224151885684,
      "previous_rate": 0.05
    }
  },
  "summary": {
    "policy_mode": "q_learning",
    "reward_mode": "balanced",
    "decision_count": 24,
    "avg_reward": 0.016711053264105203,
    "min_reward": -0.28413219217164953,
    "max_reward": 0.18785406150227674,
    "avg_rate": 0.1187499999999999,
    "min_rate": 0.05,
    "max_rate": 0.8,
    "last_state": [
      0,
      1,
      1
    ],
    "last_action_idx": 0
  },
  "decisions": {
    "status": "ok",
    "items": [
      {
        "timestamp": 1778452610.1445272,
        "error_rate": 0.0,
        "avg_latency_ms": 88.51942140851558,
        "qps": 30.60061840356441,
        "total": 336,
        "chosen_rate": 0.5,
        "policy_mode": "q_learning",
        "reward": -0.16304132033665114,
        "state": [
          0,
          1,
          1
        ],
        "action_idx": 3,
        "reward_components": {
          "mode": "balanced",
          "error_component": 0.0,
          "latency_component": 0.04425971070425779,
          "drift_component": 0.032698968959091065,
          "cost_component": 0.15,
          "stability_component": 0.09000000000000001,
          "drift_score": 0.06539793791818213,
          "previous_rate": 0.05
        }
      },
      {
        "timestamp": 1778452612.1704001,
        "error_rate": 0.0,
        "avg_latency_ms": 103.0838169013091,
        "qps": 28.409010544501292,
        "total": 395,
        "chosen_rate": 0.05,
        "policy_mode": "q_learning",
        "reward": -0.035217854507633095,
        "state": [
          0,
          1,
          1
        ],
        "action_idx": 0,
        "reward_components": {
          "mode": "balanced",
          "error_component": 0.0,
          "latency_component": 0.05154190845065455,
          "drift_component": 0.018240237041712355,
          "cost_component": 0.015,
          "stability_component": 0.09000000000000001,
          "drift_score": 0.03648047408342471,
          "previous_rate": 0.5
        }
      },
      {
        "timestamp": 1778452614.1928446,
        "error_rate": 0.0,
        "avg_latency_ms": 98.68512053213651,
        "qps": 43.20108358014959,
        "total": 482,
        "chosen_rate": 0.5,
        "policy_mode": "q_learning",
        "reward": -0.11449772637110396,
        "state": [
          0,
          1,
          1
        ],
        "action_idx": 3,
        "reward_components": {
          "mode": "balanced",
          "error_component": 0.0,
          "latency_component": 0.04934256026606825,
          "drift_component": 0.0761597133628278,
          "cost_component": 0.15,
          "stability_component": 0.09000000000000001,
          "drift_score": 0.1523194267256556,
          "previous_rate": 0.05
        }
      },
      {
        "timestamp": 1778452616.2274058,
        "error_rate": 0.0,
        "avg_latency_ms": 95.16191051176332,
        "qps": 44.24335563986425,
        "total": 572,
        "chosen_rate": 0.05,
        "policy_mode": "q_learning",
        "reward": -0.050446079435358476,
        "state": [
          0,
          1,
          1
        ],
        "action_idx": 0,
        "reward_components": {
          "mode": "balanced",
          "error_component": 0.0,
          "latency_component": 0.047580955255881664,
          "drift_component": 0.006972965308759868,
          "cost_component": 0.015,
          "stability_component": 0.09000000000000001,
          "drift_score": 0.013945930617519735,
          "previous_rate": 0.5
        }
      },
      {
        "timestamp": 1778452618.2436078,
        "error_rate": 0.0,
        "avg_latency_ms": 95.21601826107994,
        "qps": 32.5968066752338,
        "total": 638,
        "chosen_rate": 0.8,
        "policy_mode": "q_learning",
        "reward": -0.28413219217164953,
        "state": [
          0,
          1,
          1
        ],
        "action_idx": 4,
        "reward_components": {
          "mode": "balanced",
          "error_component": 0.0,
          "latency_component": 0.04760800913053997,
          "drift_component": 0.05825979869781055,
          "cost_component": 0.24,
          "stability_component": 0.15000000000000002,
          "drift_score": 0.1165195973956211,
          "previous_rate": 0.05
        }
      },
      {
        "timestamp": 1778452620.2829251,
        "error_rate": 0.0,
        "avg_latency_ms": 91.99111986797973,
        "qps": 47.155348420036084,
        "total": 733,
        "chosen_rate": 0.05,
        "policy_mode": "q_learning",
        "reward": -0.04459928214544863,
        "state": [
          0,
          1,
          1
        ],
        "action_idx": 0,
        "reward_components": {
          "mode": "balanced",
          "error_component": 0.0,
          "latency_component": 0.04599555993398987,
          "drift_component": 0.07440515792056152,
          "cost_component": 0.015,
          "stability_component": 0.15000000000000002,
          "drift_score": 0.14881031584112303,
          "previous_rate": 0.8
        }
      },
      {
        "timestamp": 1778452622.2948399,
        "error_rate": 0.0,
        "avg_latency_ms": 89.64020903363372,
        "qps": 45.17678392385703,
        "total": 825,
        "chosen_rate": 0.05,
        "policy_mode": "q_learning",
        "reward": 0.040888382414885134,
        "state": [
          0,
          1,
          1
        ],
        "action_idx": 0,
        "reward_components": {
          "mode": "balanced",
          "error_component": 0.0,
          "latency_component": 0.04482010451681686,
          "drift_component": 0.011068277898068274,
          "cost_component": 0.015,
          "stability_component": 0.0,
          "drift_score": 0.022136555796136548,
          "previous_rate": 0.05
        }
      },
      {
        "timestamp": 1778452624.3022292,
        "error_rate": 0.0,
        "avg_latency_ms": 88.10427855744338,
        "qps": 46.74641042198135,
        "total": 919,
        "chosen_rate": 0.05,
        "policy_mode": "q_learning",
        "reward": 0.037668237007438474,
        "state": [
          0,
          1,
          1
        ],
        "action_idx": 0,
        "reward_components": {
          "mode": "balanced",
          "error_component": 0.0,
          "latency_component": 0.04405213927872169,
          "drift_component": 0.008616097728716781,
          "cost_component": 0.015,
          "stability_component": 0.0,
          "drift_score": 0.017232195457433562,
          "previous_rate": 0.05
        }
      },
      {
        "timestamp": 1778452626.3228936,
        "error_rate": 0.0,
        "avg_latency_ms": 86.0360196428163,
        "qps": 49.212847121026186,
        "total": 1018,
        "chosen_rate": 0.05,
        "policy_mode": "q_learning",
        "reward": 0.04138432277394587,
        "state": [
          0,
          1,
          1
        ],
        "action_idx": 0,
        "reward_components": {
          "mode": "balanced",
          "error_component": 0.0,
          "latency_component": 0.04301800982140815,
          "drift_component": 0.01336631295253771,
          "cost_component": 0.015,
          "stability_component": 0.0,
          "drift_score": 0.02673262590507542,