{
  "policy": "sarsa",
  "reward_mode": "balanced",
  "scenario": "throughput_drop",
  "duration_seconds": 45,
  "captured_at": 1778452867.533549,
  "status": {
    "timestamp": 1778452866.6638467,
    "error_rate": 0.0,
    "avg_latency_ms": 78.33415343351231,
    "qps": 24.638081452914452,
    "total": 2293,
    "chosen_rate": 0.1,
    "policy_mode": "sarsa",
    "reward": 0.010804114226719438,
    "state": [
      0,
      1,
      1
    ],
    "action_idx": 1,
    "reward_components": {
      "mode": "balanced",
      "error_component": 0.0,
      "latency_component": 0.039167076716756156,
      "drift_component": 0.0016370375099632782,
      "cost_component": 0.03,
      "stability_component": 0.0,
      "drift_score": 0.0032740750199265565,
      "previous_rate": 0.1
    }
  },
  "summary": {
    "policy_mode": "sarsa",
    "reward_mode": "balanced",
    "decision_count": 23,
    "avg_reward": -0.034967699049117375,
    "min_reward": -0.3495682132539382,
    "max_reward": 0.057447415869642346,
    "avg_rate": 0.15217391304347827,
    "min_rate": 0.05,
    "max_rate": 0.8,
    "last_state": [
      0,
      1,
      1
    ],
    "last_action_idx": 1
  },
  "decisions": {
    "status": "ok",
    "items": [
      {
        "timestamp": 1778452828.388683,
        "error_rate": 0.0,
        "avg_latency_ms": 81.71863570774448,
        "qps": 23.373367466706,
        "total": 1387,
        "chosen_rate": 0.05,
        "policy_mode": "sarsa",
        "reward": 0.029863581090307664,
        "state": [
          0,
          1,
          1
        ],
        "action_idx": 0,
        "reward_components": {
          "mode": "balanced",
          "error_component": 0.0,
          "latency_component": 0.04085931785387224,
          "drift_component": 0.004004263236435424,
          "cost_component": 0.015,
          "stability_component": 0.0,
          "drift_score": 0.008008526472870849,
          "previous_rate": 0.05
        }
      },
      {
        "timestamp": 1778452830.4034119,
        "error_rate": 0.0,
        "avg_latency_ms": 81.19227380548865,
        "qps": 24.38900512470434,
        "total": 1436,
        "chosen_rate": 0.05,
        "policy_mode": "sarsa",
        "reward": 0.030937506143863945,
        "state": [
          0,
          1,
          1
        ],
        "action_idx": 0,
        "reward_components": {
          "mode": "balanced",
          "error_component": 0.0,
          "latency_component": 0.04059613690274433,
          "drift_component": 0.005341369241119615,
          "cost_component": 0.015,
          "stability_component": 0.0,
          "drift_score": 0.01068273848223923,
          "previous_rate": 0.05
        }
      },
      {
        "timestamp": 1778452832.4157493,
        "error_rate": 0.0,
        "avg_latency_ms": 81.49650977049701,
        "qps": 22.838686066456184,
        "total": 1482,
        "chosen_rate": 0.05,
        "policy_mode": "sarsa",
        "reward": 0.03365196815899347,
        "state": [
          0,
          1,
          1
        ],
        "action_idx": 0,
        "reward_components": {
          "mode": "balanced",
          "error_component": 0.0,
          "latency_component": 0.040748254885248504,
          "drift_component": 0.007903713273744962,
          "cost_component": 0.015,
          "stability_component": 0.0,
          "drift_score": 0.015807426547489924,
          "previous_rate": 0.05
        }
      },
      {
        "timestamp": 1778452834.4259953,
        "error_rate": 0.0,
        "avg_latency_ms": 81.0305681406259,
        "qps": 23.35183308661196,
        "total": 1529,
        "chosen_rate": 0.05,
        "policy_mode": "sarsa",
        "reward": 0.02831398998602739,
        "state": [
          0,
          1,
          1
        ],
        "action_idx": 0,
        "reward_components": {
          "mode": "balanced",
          "error_component": 0.0,
          "latency_component": 0.04051528407031295,
          "drift_component": 0.002798705915714443,
          "cost_component": 0.015,
          "stability_component": 0.0,
          "drift_score": 0.005597411831428886,
          "previous_rate": 0.05
        }
      },
      {
        "timestamp": 1778452836.4505482,
        "error_rate": 0.0,
        "avg_latency_ms": 81.08299737161731,
        "qps": 24.241634165496812,
        "total": 1578,
        "chosen_rate": 0.05,
        "policy_mode": "sarsa",
        "reward": 0.03001671869572861,
        "state": [
          0,
          1,
          1
        ],
        "action_idx": 0,
        "reward_components": {
          "mode": "balanced",
          "error_component": 0.0,
          "latency_component": 0.040541498685808655,
          "drift_component": 0.004475220009919958,
          "cost_component": 0.015,
          "stability_component": 0.0,
          "drift_score": 0.008950440019839917,
          "previous_rate": 0.05
        }
      },
      {
        "timestamp": 1778452838.4595356,
        "error_rate": 0.0,
        "avg_latency_ms": 80.61520608762328,
        "qps": 23.83076038567057,
        "total": 1626,
        "chosen_rate": 0.05,
        "policy_mode": "sarsa",
        "reward": 0.02759586758493987,
        "state": [
          0,
          1,
          1
        ],
        "action_idx": 0,
        "reward_components": {
          "mode": "balanced",
          "error_component": 0.0,
          "latency_component": 0.04030760304381164,
          "drift_component": 0.002288264541128232,
          "cost_component": 0.015,
          "stability_component": 0.0,
          "drift_score": 0.004576529082256464,
          "previous_rate": 0.05
        }
      },
      {
        "timestamp": 1778452840.4656553,
        "error_rate": 0.0,
        "avg_latency_ms": 80.03005505127439,
        "qps": 24.914508964650427,
        "total": 1676,
        "chosen_rate": 0.05,
        "policy_mode": "sarsa",
        "reward": 0.03072634593871093,
        "state": [
          0,
          1,
          1
        ],
        "action_idx": 0,
        "reward_components": {
          "mode": "balanced",
          "error_component": 0.0,
          "latency_component": 0.040015027525637195,
          "drift_component": 0.005711318413073734,
          "cost_component": 0.015,
          "stability_component": 0.0,
          "drift_score": 0.011422636826147468,
          "previous_rate": 0.05
        }
      },
      {
        "timestamp": 1778452842.4765701,
        "error_rate": 0.0,
        "avg_latency_ms": 80.0596026337955,
        "qps": 18.433940812353622,
        "total": 1713,
        "chosen_rate": 0.05,
        "policy_mode": "sarsa",
        "reward": 0.057447415869642346,
        "state": [
          0,
          1,
          0
        ],
        "action_idx": 0,
        "reward_components": {
          "mode": "balanced",
          "error_component": 0.0,
          "latency_component": 0.040029801316897755,
          "drift_component": 0.032417614552744584,
          "cost_component": 0.015,
          "stability_component": 0.0,
          "drift_score": 0.06483522910548917,
          "previous_rate": 0.05
        }
      },
      {
        "timestamp": 1778452844.488088,
        "error_rate": 0.0,
        "avg_latency_ms": 80.19661285693014,
        "qps": 24.35572328333869,
        "total": 1762,
        "chosen_rate": 0.05,
        "policy_mode": "sarsa",
        "reward": 0.05477572389495773,
        "state": [
          0,
          1,
          1
        ],
        "action_idx": 0,
        "reward_components": {
          "mode": "balanced",
          "error_component": 0.0,
          "latency_component": 0.04009830642846507,
          "drift_component": 0.029677417466492658,
          "cost_component": 0.015,
          "stability_component": 0.0,
          "drift_score": 0.059354834932985316,
          "previous_rate": 0.05
        }
      },
      {
        "timestamp": 1778452846.5009835,
        "error_rate": 0.0,