{
  "policy": "sarsa",
  "reward_mode": "balanced",
  "scenario": "healthy",
  "duration_seconds": 45,
  "captured_at": 1778452378.609499,
  "status": {
    "timestamp": 1778452378.139012,
    "error_rate": 0.12509090909090909,
    "avg_latency_ms": 64.14574265166779,
    "qps": 68.72675099445402,
    "total": 6875,
    "chosen_rate": 0.05,
    "policy_mode": "sarsa",
    "reward": 0.5931196938519305,
    "state": [
      1,
      1,
      2
    ],
    "action_idx": 0,
    "reward_components": {
      "mode": "balanced",
      "error_component": 0.5003636363636363,
      "latency_component": 0.0320728713258339,
      "drift_component": 0.07568318616246028,
      "cost_component": 0.015,
      "stability_component": 0.0,
      "drift_score": 0.15136637232492056,
      "previous_rate": 0.05
    }
  },
  "summary": {
    "policy_mode": "sarsa",
    "reward_mode": "balanced",
    "decision_count": 24,
    "avg_reward": 0.649848855929347,
    "min_reward": 0.36242585880063566,
    "max_reward": 0.7995145341161595,
    "avg_rate": 0.12083333333333329,
    "min_rate": 0.05,
    "max_rate": 0.8,
    "last_state": [
      1,
      1,
      2
    ],
    "last_action_idx": 0
  },
  "decisions": {
    "status": "ok",
    "items": [
      {
        "timestamp": 1778452339.8048074,
        "error_rate": 0.18843120070113936,
        "avg_latency_ms": 60.245301319012995,
        "qps": 58.691631702829454,
        "total": 4564,
        "chosen_rate": 0.05,
        "policy_mode": "sarsa",
        "reward": 0.7886578721663294,
        "state": [
          1,
          1,
          2
        ],
        "action_idx": 0,
        "reward_components": {
          "mode": "balanced",
          "error_component": 0.7537248028045574,
          "latency_component": 0.0301226506595065,
          "drift_component": 0.019810418702265537,
          "cost_component": 0.015,
          "stability_component": 0.0,
          "drift_score": 0.039620837404531074,
          "previous_rate": 0.05
        }
      },
      {
        "timestamp": 1778452341.8126888,
        "error_rate": 0.18356456776947705,
        "avg_latency_ms": 60.61942005699466,
        "qps": 60.14293263890559,
        "total": 4685,
        "chosen_rate": 0.05,
        "policy_mode": "sarsa",
        "reward": 0.7594448616216082,
        "state": [
          1,
          1,
          2
        ],
        "action_idx": 0,
        "reward_components": {
          "mode": "balanced",
          "error_component": 0.7342582710779082,
          "latency_component": 0.030309710028497333,
          "drift_component": 0.009876880515202677,
          "cost_component": 0.015,
          "stability_component": 0.0,
          "drift_score": 0.019753761030405353,
          "previous_rate": 0.05
        }
      },
      {
        "timestamp": 1778452343.818418,
        "error_rate": 0.17853435748391114,
        "avg_latency_ms": 60.69902091116743,
        "qps": 65.72565971896833,
        "total": 4817,
        "chosen_rate": 0.05,
        "policy_mode": "sarsa",
        "reward": 0.7599554813614113,
        "state": [
          1,
          1,
          2
        ],
        "action_idx": 0,
        "reward_components": {
          "mode": "balanced",
          "error_component": 0.7141374299356446,
          "latency_component": 0.030349510455583716,
          "drift_component": 0.030468540970183033,
          "cost_component": 0.015,
          "stability_component": 0.0,
          "drift_score": 0.06093708194036607,
          "previous_rate": 0.05
        }
      },
      {
        "timestamp": 1778452345.8492346,
        "error_rate": 0.17454840673838035,
        "avg_latency_ms": 60.96083324474684,
        "qps": 54.425292692952624,
        "total": 4927,
        "chosen_rate": 0.05,
        "policy_mode": "sarsa",
        "reward": 0.7722997602455285,
        "state": [
          1,
          1,
          2
        ],
        "action_idx": 0,
        "reward_components": {
          "mode": "balanced",
          "error_component": 0.6981936269535214,
          "latency_component": 0.03048041662237342,
          "drift_component": 0.05862571666963363,
          "cost_component": 0.015,
          "stability_component": 0.0,
          "drift_score": 0.11725143333926726,
          "previous_rate": 0.05
        }
      },
      {
        "timestamp": 1778452347.8553162,
        "error_rate": 0.1698933227973133,
        "avg_latency_ms": 61.09583903581411,
        "qps": 67.00606060296771,
        "total": 5062,
        "chosen_rate": 0.05,
        "policy_mode": "sarsa",
        "reward": 0.7604200951233028,
        "state": [
          1,
          1,
          2
        ],
        "action_idx": 0,
        "reward_components": {
          "mode": "balanced",
          "error_component": 0.6795732911892532,
          "latency_component": 0.030547919517907054,
          "drift_component": 0.06529888441614257,
          "cost_component": 0.015,
          "stability_component": 0.0,
          "drift_score": 0.13059776883228513,
          "previous_rate": 0.05
        }
      },
      {
        "timestamp": 1778452349.866102,
        "error_rate": 0.16554379210779596,
        "avg_latency_ms": 61.09284012685095,
        "qps": 66.17341210740192,
        "total": 5195,
        "chosen_rate": 0.05,
        "policy_mode": "sarsa",
        "reward": 0.6840610957716785,
        "state": [
          1,
          1,
          2
        ],
        "action_idx": 0,
        "reward_components": {
          "mode": "balanced",
          "error_component": 0.6621751684311838,
          "latency_component": 0.030546420063425474,
          "drift_component": 0.0063395072770692125,
          "cost_component": 0.015,
          "stability_component": 0.0,
          "drift_score": 0.012679014554138425,
          "previous_rate": 0.05
        }
      },
      {
        "timestamp": 1778452351.8723984,
        "error_rate": 0.1619280738090755,
        "avg_latency_ms": 61.466968973037304,
        "qps": 57.8146786338904,
        "total": 5311,
        "chosen_rate": 0.05,
        "policy_mode": "sarsa",
        "reward": 0.7072343706628317,
        "state": [
          1,
          1,
          2
        ],
        "action_idx": 0,
        "reward_components": {
          "mode": "balanced",
          "error_component": 0.647712295236302,
          "latency_component": 0.03073348448651865,
          "drift_component": 0.043788590940010974,
          "cost_component": 0.015,
          "stability_component": 0.0,
          "drift_score": 0.08757718188002195,
          "previous_rate": 0.05
        }
      },
      {
        "timestamp": 1778452353.8906336,
        "error_rate": 0.15811730097444382,
        "avg_latency_ms": 61.55178837407015,
        "qps": 63.633618812373506,
        "total": 5439,
        "chosen_rate": 0.05,
        "policy_mode": "sarsa",
        "reward": 0.6792875950950581,
        "state": [
          1,
          1,
          2
        ],
        "action_idx": 0,
        "reward_components": {
          "mode": "balanced",
          "error_component": 0.6324692038977753,
          "latency_component": 0.030775894187035073,
          "drift_component": 0.031042497010247784,
          "cost_component": 0.015,
          "stability_component": 0.0,
          "drift_score": 0.06208499402049557,
          "previous_rate": 0.05
        }
      },
      {
        "timestamp": 1778452355.8963866,
        "error_rate": 0.1544817675588288,
        "avg_latency_ms": 61.72129844159516,
        "qps": 63.57133710811346,
        "total": 5567,
        "chosen_rate": 0.05,
        "policy_mode": "sarsa",
        "reward": 0.636001649718983,
        "state": [
          1,
          1,
          2
        ],
        "action_idx": 0,
        "reward_components": {
          "mode": "balanced",
          "error_component": 0.6179270702353152,
          "latency_component": 0.03086064922079758,
          "drift_component": 0.002213930262870233,